{
  "intents": [
    
    {
      "tag": "weather",
      "patterns": [
        "What's the weather like?",
        "Tell me the weather",
        "How's the weather today?"
      ],
      "responses": [
        "I can't check the weather right now, but you can look it up online!",
        "Sorry, I don't have access to weather data."
      ]
    },
    {
      "tag": "joke",
      "patterns": [
        "Tell me a joke",
        "Make me laugh",
        "I need a joke"
      ],
      "responses": [
        "Why don't scientists trust atoms? Because they make up everything!",
        "I told my computer I needed a break, and now it won't stop sending me KitKat ads!"
      ]
    },
    {
      "tag": "quote",
      "patterns": [
        "Give me a quote",
        "Inspire me",
        "Tell me something motivational"
      ],
      "responses": [
        "The only way to do great work is to love what you do. - Steve Jobs",
        "Success is not the key to happiness. Happiness is the key to success. - Albert Schweitzer"
      ]
    },
    {
      "tag": "help",
      "patterns": [
        "Can you help me?",
        "I need assistance",
        "Help me out"
      ],
      "responses": [
        "Of course! What do you need help with?",
        "I'm here to assist you. Just let me know your question."
      ]
    },
    {
      "tag": "greeting",
      "patterns": [
        "Hi",
        "hii",
        "Hey",
        "How are you",
        "Is anyone there?",
        "Hello",
        "Good day"
      ],
      "responses": [
        "Hey :-)",
        "Hello, thanks for visiting",
        "Hi there, what can I do for you?",
        "Hi there, how can I help?",
        "yes luna is here :)"
        
      ]
    },
    {
      "tag": "name",
      "patterns": [ "What is your name ?"],
      "responses": [
        "My name is 'Luna'"
      ]
    },
    {
      "tag": "self",
      "patterns": [ "Tell about your self", "See you later", "Goodbye"],
      "responses": [
        "My self Luna. I'm your personal assistant."
      ]
    },
    {
      "tag": "creator",
      "patterns": [ "Who is created you ?", "your creator name ?"],
      "responses": [
        "Harini jemima is my creator."
      ]
    },
    {
      "tag": "functions",
      "patterns": ["what function can you do ?", "what can you do ?", "your able functions"],
      "responses": [
        
        "Open Camera , Open browser , Open mail , Get result From Google (or) Wikipedia and more..,"
      ]
    },
    {
      "tag": "goodbye",
      "patterns": ["Bye", "See you later", "Goodbye"],
      "responses": [
        "See you later, thanks for visiting",
        "Have a nice day",
        "Bye! Come back again soon."
      ]
    },
    {
      "tag": "thanks",
      "patterns": ["Thanks", "Thank you", "That's helpful", "Thank's a lot!"],
      "responses": ["Happy to help!", "Any time!", "My pleasure"]
    },
    {
      "tag": "open_chrome",
      "patterns": [
        "hey open chrome", "open chrome",
        "chrome"
      ],
      "responses": [
        "Sure..!"
      ]
    },
    {
      "tag": "open_camera",
      "patterns": [
        "hey open camera", "open camera",
        "camera"
      ],
      "responses": [
        "Sure..!"
      ]
    },
    {
      "tag": "open_mail",
      "patterns": [
        "hey open mail", "open mail",
        "mail"
      ],
      "responses": [
        "Sure..!"
      ]
    },
    {
          "tag": "abbreviation",
          "patterns": [
            "What does ASAP mean?",
            "Explain ASAP",
            "What is the meaning of FYI?",
            "Tell me what LOL stands for",
            "What does BRB mean?",
            "Define IDK",
            "What is the meaning of TTYL?"
          ],
          "responses": [
            "ASAP stands for 'As Soon As Possible'.",
            "FYI means 'For Your Information'.",
            "LOL stands for 'Laugh Out Loud'.",
            "BRB means 'Be Right Back'.",
            "IDK stands for 'I Don't Know'.",
            "TTYL means 'Talk To You Later'."
          ]
        },
        {
              "tag": "math",
              "patterns": [
                "Explain Pythagorean theorem",
                "What is calculus?",
                "Tell me about algebra",
                "What is the quadratic formula?"
              ],
              "responses": [
                "The Pythagorean theorem states that in a right triangle, the square of the length of the hypotenuse is equal to the sum of the squares of the lengths of the other two sides.",
                "Calculus is a branch of mathematics that studies continuous change, through derivatives and integrals.",
                "Algebra is a branch of mathematics dealing with symbols and the rules for manipulating those symbols.",
                "The quadratic formula is x = (-b ± √(b²-4ac)) / (2a)."
              ]
            },
            {
              "tag": "science",
              "patterns": [
                "What is the theory of relativity?",
                "Explain photosynthesis",
                "What are Newton's laws?",
                "Tell me about the water cycle"
              ],
              "responses": [
                "The theory of relativity, proposed by Albert Einstein, describes the laws of physics in the presence of gravitational fields.",
                "Photosynthesis is the process by which green plants and some other organisms use sunlight to synthesize foods with the help of chlorophyll.",
                "Newton's laws of motion describe the relationship between a body and the forces acting on it.",
                "The water cycle is the continuous process by which water evaporates, condenses, and precipitates back to the earth."
              ]
            },
            {
              "tag": "history",
              "patterns": [
                "Who was Albert Einstein?",
                "Tell me about the French Revolution",
                "What caused World War I?",
                "Explain the significance of the Magna Carta"
              ],
              "responses": [
                "Albert Einstein was a theoretical physicist known for developing the theory of relativity.",
                "The French Revolution was a period of social and political upheaval in France from 1789 to 1799.",
                "World War I was caused by a complex set of factors including nationalism, militarism, and alliances.",
                "The Magna Carta, signed in 1915, is significant as it limited the powers of the king and laid the foundation for modern democracy."
              ]
            },
            {
              "tag": "study_tips",
              "patterns": [
                "What are some effective study tips?",
                "How can I improve my study habits?",
                "Give me advice on studying for exams",
                "What is the best way to memorize information?"
              ],
              "responses": [
                "Some effective study tips include setting specific goals, taking regular breaks, and using active recall techniques.",
                "To improve your study habits, try creating a dedicated study space and establishing a consistent study schedule.",
                "When studying for exams, practice past papers and use flashcards to reinforce your knowledge.",
                "The best way to memorize information is to use mnemonic devices and to teach the material to someone else."
              ]
            },
            {
              "tag": "job_interview_tips",
                  "patterns": [
                    "What are some job interview tips?",
                    "How can I prepare for a job interview?",
                    "Give me advice for my interview",
                    "What should I wear to an interview?",
                    "How do I answer common interview questions?",
                    "What are the best practices for interviews?"
                  ],
                  "responses": [
                    "Some job interview tips include researching the company, practicing common interview questions, and preparing your own questions to ask the interviewer.",
                    "To prepare for a job interview, review the job description, understand the company culture, and practice your responses to potential questions.",
                    "Dress professionally and appropriately for the company culture. It's better to be slightly overdressed than underdressed.",
                    "When answering common interview questions, use the STAR method (Situation, Task, Action, Result) to structure your responses.",
                    "Best practices for interviews include arriving on time, maintaining good eye contact, and following up with a thank-you email after the interview."
                  ]
                }
              ]
            }
          
    
